{
  "n_estimators": 1000,
  "max_depth": 3,
  "learning_rate": 0.03643363734422853,
  "subsample": 0.6204420283826535,
  "colsample_bytree": 0.6066872805928671,
  "min_child_weight": 1,
  "gamma": 0.12966820615849617,
  "reg_alpha": 0.0013351028129477722,
  "reg_lambda": 4.906421273588209,
  "objective": "reg:squarederror",
  "random_state": 42,
  "n_jobs": -1,
  "verbosity": 0
}