{
  "n_estimators": 250,
  "max_depth": 3,
  "learning_rate": 0.07286366580297005,
  "subsample": 0.7312869879803857,
  "colsample_bytree": 0.7728111557230752,
  "min_child_weight": 2,
  "gamma": 0.05362326201212794,
  "reg_alpha": 0.0030585859866820884,
  "reg_lambda": 0.11237212144941824,
  "objective": "reg:squarederror",
  "random_state": 42,
  "n_jobs": -1,
  "verbosity": 0
}