{
  "n_estimators": 350,
  "max_depth": 3,
  "learning_rate": 0.06258847694474493,
  "subsample": 0.6685579529983211,
  "colsample_bytree": 0.8577144104657486,
  "min_child_weight": 2,
  "gamma": 0.08189114018963327,
  "reg_alpha": 0.0013297098601764649,
  "reg_lambda": 2.744660481052334,
  "objective": "reg:squarederror",
  "random_state": 42,
  "n_jobs": -1,
  "verbosity": 0
}