{
  "n_estimators": 600,
  "max_depth": 3,
  "learning_rate": 0.05030353917412067,
  "subsample": 0.9491874038254777,
  "colsample_bytree": 0.9301213743098116,
  "min_child_weight": 4,
  "gamma": 0.21463936469358996,
  "reg_alpha": 0.005932799992295215,
  "reg_lambda": 0.3314547855190898,
  "objective": "reg:squarederror",
  "random_state": 42,
  "n_jobs": -1,
  "verbosity": 0
}