{
  "n_estimators": 450,
  "max_depth": 3,
  "learning_rate": 0.04874577735244641,
  "subsample": 0.9244430366517281,
  "colsample_bytree": 0.6076552816595951,
  "min_child_weight": 2,
  "gamma": 0.39577059138129117,
  "reg_alpha": 0.7750112846003073,
  "reg_lambda": 0.12875682598663896,
  "objective": "reg:squarederror",
  "random_state": 42,
  "n_jobs": -1,
  "verbosity": 0
}