{
  "n_estimators": 650,
  "max_depth": 3,
  "learning_rate": 0.08073246148065769,
  "subsample": 0.9985966841602827,
  "colsample_bytree": 0.67502190573295,
  "min_child_weight": 1,
  "gamma": 0.08045715029467862,
  "reg_alpha": 0.8767601871221153,
  "reg_lambda": 0.25876200909622116,
  "objective": "reg:squarederror",
  "random_state": 42,
  "n_jobs": -1,
  "verbosity": 0
}