{
  "n_estimators": 450,
  "max_depth": 3,
  "learning_rate": 0.0931231138039432,
  "subsample": 0.9020739851512721,
  "colsample_bytree": 0.6602609851190672,
  "min_child_weight": 2,
  "gamma": 0.3155730972215118,
  "reg_alpha": 0.25604698435604184,
  "reg_lambda": 1.3736941299074994,
  "objective": "reg:squarederror",
  "random_state": 42,
  "n_jobs": -1,
  "verbosity": 0
}