{
  "n_estimators": 500,
  "max_depth": 4,
  "learning_rate": 0.04133213620570928,
  "subsample": 0.9241676905862906,
  "colsample_bytree": 0.6048585008214047,
  "min_child_weight": 3,
  "gamma": 0.0008062730950339407,
  "reg_alpha": 0.6066435686364811,
  "reg_lambda": 0.23126203690808797,
  "objective": "reg:squarederror",
  "random_state": 42,
  "n_jobs": -1,
  "verbosity": 0
}