{
  "n_estimators": 200,
  "max_depth": 3,
  "learning_rate": 0.08023839892756618,
  "subsample": 0.9300355144197303,
  "colsample_bytree": 0.9009731785262501,
  "min_child_weight": 2,
  "gamma": 0.08850405954291293,
  "reg_alpha": 0.5128127408977143,
  "reg_lambda": 0.11515636860645438,
  "objective": "reg:squarederror",
  "random_state": 42,
  "n_jobs": -1,
  "verbosity": 0
}