{
  "n_estimators": 950,
  "max_depth": 3,
  "learning_rate": 0.025840777604072055,
  "subsample": 0.8559742323893607,
  "colsample_bytree": 0.8383006736871399,
  "min_child_weight": 2,
  "gamma": 0.37146462971438293,
  "reg_alpha": 0.00189275798993486,
  "reg_lambda": 0.12005743564317803,
  "objective": "reg:squarederror",
  "random_state": 42,
  "n_jobs": -1,
  "verbosity": 0
}