{
  "n_estimators": 350,
  "max_depth": 6,
  "learning_rate": 0.048521124926864036,
  "subsample": 0.9590315399408166,
  "colsample_bytree": 0.6461926357961145,
  "min_child_weight": 8,
  "gamma": 0.2550778828919579,
  "reg_alpha": 0.005325508735038562,
  "reg_lambda": 7.647177653868731,
  "objective": "reg:squarederror",
  "random_state": 42,
  "n_jobs": -1,
  "verbosity": 0
}