{
  "n_estimators": 1000,
  "max_depth": 3,
  "learning_rate": 0.0252963135458613,
  "subsample": 0.793074755690783,
  "colsample_bytree": 0.7292706128191383,
  "min_child_weight": 3,
  "gamma": 0.4041342579675581,
  "reg_alpha": 0.017915377525631857,
  "reg_lambda": 0.1439222986169415,
  "objective": "reg:squarederror",
  "random_state": 42,
  "n_jobs": -1,
  "verbosity": 0
}