{
  "n_estimators": 1000,
  "max_depth": 3,
  "learning_rate": 0.05353632770634563,
  "subsample": 0.7224016254762123,
  "colsample_bytree": 0.6953896146046257,
  "min_child_weight": 2,
  "gamma": 0.44012045117080023,
  "reg_alpha": 0.16927213197455104,
  "reg_lambda": 9.877459116060056,
  "objective": "reg:squarederror",
  "random_state": 42,
  "n_jobs": -1,
  "verbosity": 0
}