{
  "n_estimators": 450,
  "max_depth": 3,
  "learning_rate": 0.040574609537231424,
  "subsample": 0.7642261945221055,
  "colsample_bytree": 0.8424070812656733,
  "min_child_weight": 6,
  "gamma": 0.01097279526302436,
  "reg_alpha": 0.006764995419615762,
  "reg_lambda": 0.21767705108634927,
  "objective": "reg:squarederror",
  "random_state": 42,
  "n_jobs": -1,
  "verbosity": 0
}