{
  "n_estimators": 600,
  "max_depth": 3,
  "learning_rate": 0.04203933456893371,
  "subsample": 0.9226813851000778,
  "colsample_bytree": 0.9671615605780337,
  "min_child_weight": 4,
  "gamma": 0.1085147731802388,
  "reg_alpha": 0.011756582561102302,
  "reg_lambda": 0.1705470249432033,
  "objective": "reg:squarederror",
  "random_state": 42,
  "n_jobs": -1,
  "verbosity": 0
}