{
  "n_estimators": 700,
  "max_depth": 3,
  "learning_rate": 0.04376951711495512,
  "subsample": 0.6074910398263812,
  "colsample_bytree": 0.6673040664188401,
  "min_child_weight": 2,
  "gamma": 0.48705724244650345,
  "reg_alpha": 0.9938055218034777,
  "reg_lambda": 1.8377189680497874,
  "objective": "reg:squarederror",
  "random_state": 42,
  "n_jobs": -1,
  "verbosity": 0
}