{
  "n_estimators": 800,
  "max_depth": 3,
  "learning_rate": 0.03984034012017944,
  "subsample": 0.9829046700307063,
  "colsample_bytree": 0.6088909648916847,
  "min_child_weight": 3,
  "gamma": 0.01973318253222607,
  "reg_alpha": 0.001728764997248797,
  "reg_lambda": 0.22980986163427508,
  "objective": "reg:squarederror",
  "random_state": 42,
  "n_jobs": -1,
  "verbosity": 0
}