{
  "n_estimators": 950,
  "max_depth": 3,
  "learning_rate": 0.045757251835184434,
  "subsample": 0.7213924992904673,
  "colsample_bytree": 0.6596946154878205,
  "min_child_weight": 2,
  "gamma": 0.37335084284119807,
  "reg_alpha": 0.34347744758237186,
  "reg_lambda": 5.809840101150422,
  "objective": "reg:squarederror",
  "random_state": 42,
  "n_jobs": -1,
  "verbosity": 0
}